model,accuracy
claude,0.3333333333333333
gpt,0.6666666666666666
