model,avg_correctness
claude,0.1111111111111111
gemini,0.3333333333333333
gpt,0.0
