model,avg_correctness
claude,0.3333333333333333
gemini,0.2222222222222222
gpt,0.7777777777777777
