model,avg_correctness
claude,0.2222222222222222
gemini,0.1111111111111111
gpt,0.8888888888888888
