model,macro_accuracy,micro_accuracy
ALL,0.40740740740740744,0.4074074074074074
